sequence_id,T1,T2,T3,T4,T5,T6,T7,T8,T9,T10,T11,T12,T13,T14,T15,T16,T17,T18,T19,T20,T21,T22,T23,T24,T25,T26,T27,T28,T29,T30,T31,T32,T33,T34,T35,T36,T37,T38,T39,T40,T41,T42,T43,T44,T45,T46,T47,T48,T49,T50,T51,T52,T53,T54,T55,T56,T57,T58,T59,T60,T61,T62,T63,T64,T65,T66,T67,T68,T69,T70,T71,T72,T73,T74,T75,T76,T77,T78,T79,T80,T81,T82,T83,T84,T85,T86,T87,T88,T89,T90,T91,T92,T93,T94,T95,T96,T97,T98,T99,T100,T101,T102,T103,T104,T105,T106,T107,T108,T109,T110,T111,T112,T113,T114,T115,T116,T117,T118,T119,T120,T121,T122,T123,T124,T125,T126,T127,T128,T129,T130,T131,T132,T133,T134,T135,T136,T137,T138,T139,T140,T141,T142,T143,T144,T145,T146,T147,T148,T149,T150,T151,T152,T153,T154,T155,T156,T157,T158,T159,T160
0,-0.21389562,-0.3378122,-0.4646142,0.5009885,0.1370918,0.66549605,0.11369055,0.7473614,0.67858696,0.30792606,0.9228271,0.97852004,0.21913795,0.7842308,-0.108550355,-0.279633,0.35444832,0.5495678,0.27753225,0.3714179,0.62466323,0.08548468,0.21628752,-0.33779195,-0.12686436,0.30955806,-0.25014606,0.25798577,0.6759049,0.8205458,0.1597492,0.2668414,0.920571,0.36968356,-0.3057496,0.37257534,0.43309495,0.26712263,0.19350845,0.39773265,0.39586148,0.47080106,0.32748896,0.064566545,0.89898956,0.8621561,0.3039615,-0.033033382,0.70218563,-0.1265668,0.48600948,0.19754179,0.60735947,-0.19627534,0.7578879,0.6242617,0.79685235,0.5023398,0.7680316,1.0832813,0.7178648,0.28376675,0.07514419,0.3868843,0.5087949,-0.12000619,0.35208052,0.66931576,0.4435807,0.12081294,0.8108855,0.56595993,0.48550484,0.637445,0.7772005,0.69861454,0.8587338,0.9831111,0.9842869,0.5121723,0.13542843,0.40085012,0.22340927,0.46612152,0.3971727,0.4006187,0.6999482,0.3647638,0.4535182,0.66738826,1.1324179,1.1221358,0.4926353,0.101643115,0.0709792,0.09502351,0.027588077,0.120060205,-0.09005642,0.6255517,0.6180989,0.6551367,0.5507074,0.42716953,-0.19980791,-0.09040188,0.44117758,-0.14005116,0.87040555,0.27664915,0.29397136,0.2337168,0.110323355,0.3575061,0.29695362,-0.012042293,0.076590486,0.31231076,0.09962951,0.24366634,0.41476163,0.31432784,0.1285767,-0.05905084,0.17927593,0.53241855,0.27591732,0.3525345,0.27264902,0.22550778,0.25187907,0.82603633,0.3407094,0.7809597,0.44657663,0.3746274,0.830957,0.70376164,1.2987307,0.72614807,0.81847596,0.48372424,0.52267915,0.5858487,0.622047,0.46808237,0.8348681,0.40871003,0.90462786,0.560765,0.62507904,0.7708095,0.4805926,0.621321,0.4106482,0.5648311,0.6595715,0.10491313,0.18959235,0.56151825
1,0.15768553,-0.11642119,-0.031946976,0.535971,0.112563506,0.94147235,0.66092026,1.1528468,0.97408,0.4053693,1.3338139,1.4807873,0.9923465,0.9108572,0.17616826,0.5540745,0.60752153,1.3170292,0.6469785,0.9211522,0.5977016,0.508799,0.5241608,0.011520426,0.14529334,0.51486856,0.17816976,0.4860451,0.89992625,0.92544526,0.2838751,0.757961,0.915761,0.53989774,0.1263304,0.79602736,0.6849666,0.25071216,0.41770133,0.41642812,0.4165183,0.5380596,0.78698105,0.5242555,1.1535095,0.9249739,0.53995436,0.4352658,0.69712734,0.15013768,0.69060767,0.44641075,1.040778,0.03157676,1.14576,1.1003395,0.6866362,0.7063581,1.0725032,0.9564351,0.6461417,0.4776733,0.7230545,0.5000138,0.5050535,0.2560359,0.9448194,0.90881646,0.69283193,0.6799914,1.5378587,1.2049404,0.7277794,0.93161243,1.0924124,0.9481238,1.5235932,1.1132845,1.2917366,0.54230183,0.6890746,0.5980513,0.69379145,0.48059073,0.5714801,0.77083176,1.1959319,0.32839665,0.88535833,0.9216545,1.3565636,1.1567209,0.628474,0.6805948,0.31678042,0.6047481,0.38022932,0.5538853,0.15311743,0.8678362,0.9134534,0.8405246,0.5976268,0.47949412,0.12173995,0.096691884,0.60481095,0.3713656,1.2579551,0.5903783,0.6191822,0.68302685,0.56688994,0.5381415,0.67118806,0.2583674,0.4184423,0.48518655,0.7688266,0.47358665,0.665795,0.6741525,0.53688556,0.26634777,0.41303086,0.4988927,0.5479862,0.69207454,0.5976684,0.26714054,0.3460844,0.95096606,0.4923359,1.2908324,0.8084223,0.5757796,0.98225826,0.7879853,1.3947893,0.55639374,0.8524628,0.5484688,0.58158875,0.94840944,1.0743353,0.6083213,1.1249824,0.6467721,1.0437436,0.5916038,1.2081395,0.6327458,0.8748517,1.0614574,0.67626774,0.82657987,0.93996906,0.5605897,0.7266514,0.84773946
2,0.34675506,-0.3526756,-0.53610194,0.8220068,0.59305656,0.75255245,0.4866843,0.7277308,0.5877739,0.91117764,0.71463853,1.0308045,0.26667386,0.63881,-0.004973979,0.25960764,0.5154088,0.6932908,0.2077562,0.79762983,0.33163947,0.20668995,0.009999349,-0.29477707,-0.027826915,0.27084723,0.044747703,0.25566137,0.62259835,0.8425268,0.44902202,0.32444248,0.67000765,0.2451064,0.12934017,0.6196818,0.42619255,0.6799109,0.41937596,0.62214756,0.023402322,0.77683794,0.43304175,0.24297284,0.6557114,0.8507919,0.45108575,0.16208893,0.569691,-0.2031304,0.43709671,0.5327611,0.4389981,0.15835261,0.49399823,0.6225908,0.6877381,0.4351761,0.2782806,1.3307912,0.81628805,0.303911,0.030306004,0.8398016,0.6783312,0.12961233,0.79798067,0.290961,0.5092863,0.5650602,0.7780056,0.33123502,0.6505545,0.6738502,0.8258896,1.1495163,1.0925915,0.5657553,0.5822531,0.46533027,0.20062055,0.2859037,0.57425356,0.95340484,0.3132145,0.49774224,1.0185152,0.30590445,0.56258893,0.8864902,1.1147181,1.0012406,0.86963284,0.16118973,0.060743444,0.033620995,0.08513165,-0.12547559,0.14739057,0.787442,0.6218114,0.2539172,0.58032775,0.41984907,-0.1491236,0.1639027,0.27932394,-0.060665388,1.0841262,0.22367725,0.4888485,0.053701006,0.4582066,0.76812214,0.4440873,0.1773475,0.32268417,0.38924602,0.29328468,0.33133233,0.285529,0.53997207,0.3713332,0.015167092,0.7555755,0.5085808,0.35941216,0.16886333,0.28035298,0.047320485,0.53662634,0.6333818,0.30443212,1.0643628,0.30491418,0.23890421,0.41722292,0.51458305,0.6616076,0.9248185,1.0294874,0.453295,0.46754465,0.7397774,0.7170623,0.6496156,0.79507244,0.72223926,0.7999914,0.7911717,0.6434419,0.48443636,0.74732125,0.4768815,0.76880044,0.7000801,0.6006867,0.3713093,0.36791494,0.4789829
3,0.02344007,-0.022653926,-0.309437,0.6872705,0.15875952,0.41401172,0.4471668,0.6656695,0.56271803,0.4883621,0.8048138,0.44587773,0.37447807,0.8517731,-0.024548382,-0.06673481,0.17985664,-0.066157006,0.24851327,-0.19643106,0.44378054,0.08002862,0.41034082,-0.107567936,0.026946297,0.005992516,0.30841446,0.14503089,0.5356469,0.58855164,0.39506352,0.0351601,0.25798187,-0.17961209,0.12383389,0.35481942,0.25570235,-0.10192102,0.3757611,0.3081601,0.414429,0.6390695,0.3954422,0.21489817,0.69667685,0.90416664,0.31679004,0.1767656,0.62980604,-0.09348277,0.5300562,0.100507185,0.3110541,0.2777215,0.2152694,0.6001905,0.4782521,0.35754675,0.4099291,0.9590317,0.84162086,0.17284957,0.36290088,0.6745869,0.48206788,0.51336277,0.7370862,0.65719634,0.41938087,0.31493255,0.34731832,0.3060232,0.8011348,0.71811736,0.80779237,1.0267804,0.8963165,0.62845886,0.47735518,0.6283072,0.20799053,0.18357675,0.3464313,0.37085512,0.4296277,0.35829625,0.6968158,0.32614118,0.6443305,0.5891007,0.9863198,1.0540758,0.76026523,0.2743603,0.2170856,-0.2788813,-0.0150847975,0.0815093,0.11220617,0.23809409,0.18712224,0.7067933,0.5478422,0.31877327,-0.32597712,-0.053026646,-0.0034023533,-0.30672327,0.50401664,0.33143085,0.16343519,-0.1466453,0.015171954,0.1497096,0.015885646,0.04668685,0.08592881,0.16187197,0.039499287,0.33258027,0.25094926,0.56429636,0.11829354,0.16833098,0.3525815,0.63352436,0.326055,0.48664117,0.097812615,0.5568799,0.10103823,0.40669402,0.37051103,0.54946625,0.46638018,0.6558289,0.5675515,0.85851645,0.78345317,0.7040372,0.4887935,0.38758945,0.27640632,0.40384367,0.86406034,0.5864419,0.8056396,0.37937424,0.6712839,0.4144337,0.72225356,0.69325286,0.2755262,0.2984668,0.14390263,0.80014634,0.5883104,0.14709112,0.1370416,0.71202284
4,0.25991142,-0.26034737,-0.46041113,0.5051245,0.21255516,0.8884642,0.65020615,0.93223953,0.88100636,0.6016269,1.0636814,1.1174715,0.5132027,0.76105475,0.2611685,0.24588145,0.5566735,0.82964635,0.5228952,0.8307398,0.36660984,0.29039657,0.21976466,-0.36472416,0.14587066,0.6425632,0.29617447,0.32394356,0.90721893,0.9296842,0.53338665,0.6211505,0.9174747,0.43722337,0.1080762,0.5792527,0.44419384,0.52608705,0.37290916,0.66914195,0.48992854,0.5115259,0.66876173,0.44354647,0.93468463,0.9395058,0.4019928,0.5146408,0.565363,0.1129605,0.5833437,0.46714175,0.94722223,-0.041090507,0.77567005,0.71501,0.6982326,0.37179446,0.87965065,1.1618156,0.6624813,0.42954007,0.28767848,0.6731888,0.41324258,0.38007206,0.90457803,0.7498039,0.63175976,0.6822716,1.2332665,0.7222231,0.64791274,0.7390162,0.92601955,0.95988923,1.2592623,1.069525,1.1813416,0.59066606,0.31173298,0.38229066,0.7357567,0.90671057,0.47101688,0.91858935,0.9595246,0.23538962,0.59120995,0.8790139,1.0295895,1.2192087,0.7247701,0.30231172,-0.0452195,0.18467051,0.21273838,0.18535349,0.13258404,0.92161596,0.7677779,0.7164484,0.6762857,0.592992,-0.03641321,0.24247181,0.49625263,0.028816292,1.1120261,0.32155174,0.7209865,0.47280335,0.62495434,0.5267116,0.6088663,0.2382518,0.2915721,0.28287813,0.41845825,0.49613577,0.48371735,0.6126126,0.16624692,0.17172839,0.5709176,0.46416682,0.46571,0.467942,0.5179112,0.26439697,0.42424342,0.8695277,0.39843497,1.0080863,0.5537074,0.27881208,0.739324,0.6669249,1.0304904,0.69650817,0.9287263,0.60125715,0.52539676,0.88512516,0.71871626,0.44241193,0.91824085,0.47801167,1.0068032,0.8657639,0.98976946,0.630537,0.94987386,0.59631807,0.53655833,0.7148729,0.8333174,0.43236408,0.48407662,0.721484
5,0.30523896,0.1478902,-0.07243148,0.7533699,0.46882054,0.90738785,0.5257599,0.94646996,0.8467224,0.9126714,1.2080454,1.2042081,0.7183436,1.0739102,0.26986992,0.5472144,0.5738807,0.87120235,0.6286685,0.7517918,0.68929833,0.49248046,0.46787426,0.035637643,0.30897602,0.43377325,0.053133357,0.47829473,0.8314875,0.98519695,0.5104834,0.57659096,0.76055974,0.33933958,0.2769127,0.73453265,0.5290952,0.4583761,0.56332916,0.5948811,0.60342646,0.78631186,0.6107661,0.4388409,1.1115984,1.0881094,0.55513865,0.61975396,0.7123111,0.22805928,0.7020116,0.41565174,0.8227612,0.23940378,0.73846924,0.89039445,0.8150294,0.63516045,0.82506865,1.427099,0.9198474,0.546896,0.5560952,0.9815612,0.62717927,0.34478813,1.0764612,0.8105876,0.6616788,0.7704104,0.9972743,0.76745576,0.7997883,0.99896294,1.0299438,1.2446597,1.3850498,0.8286424,1.0390036,0.7271621,0.45496452,0.59054035,0.7260207,0.605143,0.55835605,0.72770727,1.1842877,0.50311863,0.78433,0.9795851,1.236111,1.2324761,0.94244653,0.5705744,0.51728857,0.17147121,0.22591478,0.31788605,0.2700684,0.7599495,0.7465126,0.73419774,0.7338645,0.45741332,0.025786608,0.12814642,0.5071094,0.17922784,1.0826805,0.38354543,0.51788896,0.35221767,0.45711362,0.60258305,0.6046821,0.239423,0.12456218,0.44678402,0.3260226,0.5232444,0.6735172,0.702023,0.4341592,0.21047151,0.740789,0.6772544,0.5218012,0.69813514,0.40829438,0.27658784,0.45558387,0.7488875,0.41245854,1.179194,0.6665872,0.5115736,0.8269541,0.6702199,1.0624642,0.80610317,0.86726224,0.549939,0.63520294,1.0017929,0.9304185,0.83645356,1.0653859,0.67730415,0.8837189,0.76000994,0.91017306,0.6737518,0.7761802,0.8975987,0.736837,0.71347964,0.82508165,0.436419,0.53424555,0.79531586
6,0.021517994,-0.11561165,0.014848319,0.6478012,0.10060064,0.64898056,0.6494221,0.81313115,0.71671927,0.56592005,1.1039096,1.1544819,0.7296954,0.82219774,0.24414515,0.25506637,0.29973698,0.7966111,0.51429605,0.44624203,0.466846,0.39626816,0.47442576,-0.12789835,0.17221843,0.32735112,0.19800457,0.4047987,0.6420176,0.81022453,0.43111295,0.46822444,0.5433725,0.25479165,0.17783579,0.67983603,0.5349253,0.11178729,0.4649615,0.26771095,0.52201295,0.6502354,0.58488286,0.47419992,0.8723027,0.9012753,0.5388271,0.34504697,0.6596735,0.19722825,0.5822522,0.2527909,0.7917697,0.0633697,0.7209345,0.81238294,0.5700104,0.5203167,0.87178576,0.9505764,0.6403952,0.3462391,0.6737284,0.71300274,0.49017844,0.4655545,0.9245464,0.89197737,0.6281761,0.7165769,1.0787438,0.76320416,0.87308085,0.78274035,1.0686351,0.9701021,1.2495518,0.9022886,1.0045474,0.5840153,0.45449343,0.36866942,0.5958126,0.47454444,0.62618625,0.62861526,0.95287675,0.29066023,0.7066774,0.75023806,1.0927188,1.1183989,0.583399,0.53355753,0.2758079,0.30015785,0.1275754,0.35680574,0.07750034,0.62191755,0.60808086,0.8284261,0.5732844,0.43199086,0.026987597,0.113809705,0.3536948,0.16697045,0.87470114,0.4858336,0.5176024,0.33262503,0.3769758,0.34812698,0.4607301,0.24018922,0.24302559,0.46506003,0.4772219,0.42088807,0.54717284,0.5778607,0.297817,0.21383895,0.43696994,0.4786494,0.4039646,0.64030534,0.39707944,0.33349606,0.13598967,0.80557734,0.41092178,1.0298812,0.50484145,0.63070595,0.7373952,0.77967125,1.0980191,0.58415747,0.60174257,0.47546315,0.5052059,0.83798116,0.9285796,0.5128559,0.8999673,0.60242015,0.8062545,0.59383047,0.9892008,0.5857457,0.6855991,0.6735685,0.42002416,0.878828,0.879414,0.3932178,0.5351938,0.85729796
7,0.18848556,-0.15963373,-0.389521,0.6747659,0.118180834,0.52752143,0.42050055,0.7490755,0.67854553,0.3595696,0.9639228,0.6854197,0.27986553,0.98351645,0.1442007,-0.121607125,0.039460782,0.17437692,0.36070445,0.061858263,0.43475604,0.12091988,0.36361846,-0.1268138,-0.03904909,0.25211832,0.17612486,0.1461926,0.55086356,0.53731066,0.54980373,0.20498708,0.33734423,-0.1360323,-0.031405814,0.36864007,0.35725358,-0.034877572,0.21942788,0.3424306,0.5106474,0.48513553,0.42578992,0.31216165,0.6775688,0.8052531,0.26947218,0.09383278,0.5397227,0.017883504,0.5137285,-0.12289794,0.5610124,0.13354777,0.25561163,0.6028779,0.49122086,0.38063166,0.61933756,1.0065765,0.70510507,0.29724774,0.45242617,0.6496056,0.4863265,0.51133347,0.70445055,0.7032853,0.3942684,0.36876658,0.74971807,0.3218833,0.7749548,0.6443989,0.78607756,0.90734315,1.0472779,0.7499708,0.7679106,0.60414207,0.30700594,0.17985861,0.25983196,0.40754652,0.5242886,0.54613173,0.7062052,0.15023576,0.44616586,0.65051425,0.91316205,1.1596494,0.7019699,0.39222488,-0.009057115,-0.12818532,-0.027870793,0.06575543,0.05646635,0.42410633,0.31976306,0.8821041,0.5081476,0.4930379,-0.07149391,0.124687724,0.11697064,-0.19370997,0.65966344,0.31065497,0.3234679,0.020260574,0.11558403,0.2017088,0.20317294,0.06641067,0.10174487,0.24282712,0.12272539,0.30076677,0.40141538,0.6313573,0.086796865,0.17182823,0.31040773,0.45351574,0.34878045,0.50219893,0.35342383,0.43237522,0.14605093,0.5263273,0.34478444,0.61404824,0.34822342,0.53391707,0.6882554,0.7934082,0.9684696,0.58403045,0.44505262,0.40853038,0.37255818,0.60173005,0.82477164,0.45149642,0.7968463,0.454035,0.60524076,0.45830634,0.7696585,0.7025198,0.49888006,0.3446837,0.21319544,0.6529621,0.68115395,0.31371802,0.2601268,0.640453
8,0.12077025,-0.049829435,0.023520058,0.66046864,0.39408755,0.7049885,0.40687367,0.8545749,0.81895036,0.5629997,1.2196357,1.0410994,0.70203346,0.9029669,0.10279953,0.3683835,0.4620405,0.75007606,0.49171588,0.7066661,0.81888837,0.5528709,0.39236227,0.03204538,0.25905332,0.38182276,0.06356873,0.40779665,0.74455005,0.97948724,0.498715,0.3406628,0.8332789,0.32601407,0.16521871,0.6459079,0.46970904,0.36716267,0.38603076,0.63240486,0.58592,0.5326812,0.5971543,0.32509947,1.014929,0.95686036,0.3251538,0.49850684,0.67505556,0.13132948,0.6487175,0.40109816,0.7726426,0.22292447,0.7539013,0.8245823,0.9485977,0.79232514,0.7540489,1.1833404,0.937863,0.64650255,0.39030138,0.76887167,0.6970981,0.38401535,0.8849272,0.7777735,0.6958825,0.582529,0.86623126,0.6005078,0.6990814,0.93215835,0.98428214,1.1309459,1.2214956,0.8083464,0.958708,0.6496068,0.34788457,0.5321479,0.5615099,0.570742,0.47081822,0.6308855,1.1001197,0.45336604,0.8060921,0.9982389,1.3363869,1.1434371,0.8725077,0.48034132,0.48420793,0.02513818,0.21398611,0.242213,0.34586692,0.7180073,0.6023022,0.62900716,0.64294904,0.4515822,0.08000455,0.11714808,0.4856048,0.15985645,1.0413886,0.31383324,0.43910882,0.27863505,0.36520246,0.5192861,0.5078913,0.22539543,0.1260494,0.39978272,0.30055952,0.43231913,0.5985078,0.66758466,0.45107147,0.21923403,0.6270012,0.75141406,0.5040194,0.6773507,0.29396325,0.3589606,0.43107596,0.64609027,0.40951777,0.9342038,0.7072812,0.56006086,0.9134174,0.74361897,1.0971237,0.78427166,0.8781055,0.5670655,0.55562466,0.90889597,0.9363472,0.7916655,1.0940366,0.6554956,0.8942,0.6698906,0.70935804,0.8064081,0.6668473,0.83847165,0.67925704,0.6854185,0.7257963,0.42935887,0.41580212,0.7367406
9,0.37900636,0.11481316,-0.07749386,0.79462063,0.46830824,0.3460464,0.40658465,0.50538933,0.32011458,0.6926312,0.7021827,0.25483745,0.4232972,1.1424482,-0.03974886,0.0963174,0.14178376,-0.47752956,0.17687696,-0.22261257,0.48747838,-0.001566304,0.34465337,0.16628054,0.0974215,-0.027920455,0.2664254,0.19152534,0.6902329,0.73270226,0.7421945,-0.10635187,-0.00983371,-0.58302724,0.5759369,0.23206697,0.029700851,-0.19471473,0.40815592,0.37172738,0.79347134,0.56961244,0.36289456,-0.06386631,0.77917683,0.89013094,0.23727748,0.5669696,0.51707953,-0.0077580465,0.55491495,-0.17467761,0.4395466,0.3386892,0.014462277,0.5467764,0.4701746,0.3438126,0.29175684,1.1404772,1.0304306,0.29049197,0.44562432,1.0982,0.7090591,0.6366876,0.79318637,0.4714531,0.30244875,0.6498929,-0.09344171,-0.005605971,0.8051559,0.9599154,0.71068263,1.1437087,1.0107015,0.36621517,0.34637323,0.77532744,0.21518113,0.11152647,0.45172265,0.11690723,0.3583048,0.48667765,0.6913062,0.36947054,0.66176784,0.5986285,0.9994272,1.116027,1.002365,0.42858812,0.43426082,-0.7567213,-0.13434364,0.10203254,0.34400505,0.14351247,-0.11089403,0.66662556,0.6474077,0.23658958,-0.3162895,-0.058087986,-0.05403288,-0.46643505,0.44026873,0.31723812,0.19670375,-0.4566229,-0.14459561,-0.026448864,-0.038486317,0.10037914,-0.20267199,-0.07230445,-0.14149825,0.403527,0.37498787,0.881332,0.14488314,0.07055935,0.6031812,0.80735946,0.27900898,0.6128745,-0.06477769,0.5670526,0.17384718,0.12503707,0.23344019,0.57047915,0.4818689,0.5843113,0.6408977,0.8484118,0.59666675,0.73895144,0.3445932,0.17546055,0.22434439,0.52956486,0.9103258,0.78441095,1.0429442,0.5482806,0.65992934,0.4481369,0.42792735,0.7129141,0.22119826,0.3112415,0.27670845,0.5032179,0.33496067,0.19087644,0.0017024226,0.6815184
10,0.17499213,-0.13212593,-0.29485032,0.64968026,0.23069987,0.5124102,0.4893611,0.66477054,0.6587568,0.44475102,0.9311959,0.6321627,0.36656353,0.8944836,0.23783316,-0.03544709,0.015612502,0.012223601,0.31704357,0.021977656,0.40423787,0.058654495,0.36789843,-0.15244648,0.060711276,0.12889464,0.20744404,0.13899088,0.5810089,0.6572994,0.6273429,0.13045079,0.24814104,-0.18497285,0.11395389,0.37043208,0.22162424,-0.1324037,0.30022857,0.32257122,0.56785667,0.61176383,0.38442588,0.2809737,0.6531159,0.81042594,0.29871655,0.14689706,0.567263,0.026723925,0.52880305,-0.057888046,0.5723542,0.18435374,0.22484377,0.63374937,0.47538692,0.3700231,0.6286573,1.0881771,0.712238,0.23971109,0.42909485,0.69876564,0.49331683,0.632313,0.765651,0.6936348,0.34861925,0.4078641,0.578784,0.3680273,0.801933,0.6835163,0.78436315,0.97749144,1.0400382,0.76746196,0.7129577,0.5187986,0.23038502,0.18849096,0.29078427,0.36815012,0.54924184,0.64994407,0.6802771,0.31800702,0.5167098,0.63271385,0.9122622,1.1950469,0.7097841,0.36761436,0.07206709,-0.2068569,-0.09972999,0.110801354,0.030472402,0.4256804,0.21605536,0.8743394,0.56054974,0.5191906,-0.16291153,0.17186405,0.100103386,-0.24670584,0.5578143,0.40956318,0.30274755,-0.052662216,0.11039242,0.19349955,0.15118897,0.12159536,0.02368591,0.2314055,0.07309217,0.30780774,0.39791822,0.6354792,-0.016307196,0.12501399,0.41024384,0.51235807,0.34824672,0.5187756,0.33680487,0.52938324,0.08181207,0.50086284,0.40237126,0.60387737,0.31841674,0.51588225,0.61738676,0.79794973,0.864031,0.62654567,0.40349358,0.32985976,0.35800782,0.57970387,0.803939,0.3747796,0.85194176,0.42677397,0.6734444,0.47316146,0.7948353,0.675889,0.4871691,0.3345844,0.15906744,0.6621453,0.6348689,0.29812768,0.21740091,0.60772926
11,-0.59114486,-0.5366876,-0.47804755,0.14685267,-0.46204612,0.033786494,0.11165534,0.2865598,0.36105108,-0.28117958,1.1692932,0.6036664,0.16331637,0.4539367,0.15296285,-0.47808415,-0.28106079,0.29454836,0.20140828,-0.24085118,0.2342159,-0.03706633,0.09374926,-0.28838524,-0.10346785,-0.17118852,-0.17522913,-0.046114795,0.04007941,0.16279462,0.41505224,0.024217106,0.08771342,-0.21584648,-0.4448244,0.021711264,0.047421258,-0.33502164,-0.19920452,-0.25470686,0.09747188,0.08686883,-0.047832202,0.28504834,0.22001001,0.4367229,-0.07669035,-0.22331011,0.4378806,-0.23654406,0.11486966,-0.30036587,0.64081633,-0.055366006,0.24471885,0.45779198,0.1913404,0.27080813,0.67905354,0.13024667,0.2221245,-0.040381607,0.43994278,-0.07308932,0.25073323,0.3723395,0.19608188,0.7416043,0.23936313,0.060081273,0.6319795,0.33218062,0.2913161,0.20804113,0.6640674,0.3586998,0.72986305,0.9055,0.5704696,-0.08088466,0.23718368,0.011419058,-0.041483887,0.14154434,0.58551455,0.46391442,0.22927608,-0.24607399,0.13769677,0.124644294,0.6653953,0.85826343,-0.06098597,0.2950241,-0.31931135,0.05291142,-0.12188927,0.22412907,-0.16869672,0.29685473,0.16075373,0.9190399,0.24817972,0.27589026,-0.0051638703,-0.061112575,0.20036693,-0.20064063,0.3311592,0.3604517,0.27747798,0.011555079,-0.15531354,-0.10773893,-0.08144128,-0.19061013,0.0029086992,0.111730434,0.06445073,0.04135168,0.27478737,0.21189891,-0.20595199,0.17882131,-0.16261457,0.16754219,-0.05869436,0.19292843,0.32720742,0.5022081,-0.3598215,0.566023,0.40151915,0.2956931,0.19822875,0.6218573,0.61735815,0.66370136,1.2423424,0.27746144,0.028705006,0.16477907,0.1328177,0.4211542,0.70406723,0.04712831,0.50104094,0.05635745,0.55529815,0.018497443,0.68557054,0.48437282,0.21617368,0.12861039,-0.34294388,0.78717667,0.65586287,0.12024068,0.0055366955,0.3599176
12,1.3545748,0.8521324,0.9798622,1.1781888,1.2702459,2.0151281,1.2749434,1.7953405,1.4857118,1.6881665,1.5687915,1.8788089,1.6496773,1.6089015,0.6524575,1.6131077,1.4449795,1.7069349,0.9618253,1.790509,1.2766862,1.1069514,1.0744817,0.62650037,1.006517,1.3790605,0.63016224,1.1346741,1.5570071,1.7446373,0.6622123,1.3022509,1.4595902,1.1703571,1.0679048,1.4552493,1.3155373,0.9741476,1.2634342,1.1494501,1.0716684,1.2690849,1.6015747,1.080853,1.9825001,1.4933653,1.2587848,1.5895033,0.9917862,0.74679893,1.2425028,1.0683708,1.5427313,0.79876786,1.8604524,1.5707037,1.5359985,1.4449319,1.5194429,2.1633298,1.536403,1.2566973,1.0482247,1.6442896,1.1999425,0.83105123,1.9575946,1.2419342,1.1114001,1.6396016,1.8411589,1.6134263,1.2722124,1.887408,1.591266,1.8460413,2.0053782,1.1772667,1.7111733,1.3803387,0.93081325,1.0544901,1.5198115,0.808478,0.6188178,1.271356,2.1163692,1.2962062,1.4605938,1.779085,1.9731933,1.6292613,1.7104014,1.2813538,1.4797254,0.73191094,0.74909717,0.9371906,0.9078715,1.2406381,1.4494866,0.82112914,1.1206472,0.7616084,0.43619552,0.50544024,1.1993061,0.75197273,1.6830148,0.7774766,1.0804284,1.270025,1.1224767,1.0640243,1.4917425,0.8054121,0.2694915,0.8684961,1.0407845,0.9731251,1.1108803,1.3504676,1.2127212,0.618114,1.1826283,0.9735464,1.1593983,1.4963515,0.77945465,0.25265026,1.1215984,1.0005842,0.61212337,1.9589504,1.5752239,0.7814444,1.40901,0.965009,1.4135146,1.2059945,1.625312,0.8727716,1.2946994,1.6818738,1.3330405,1.4149821,1.6514219,1.0837084,1.3608493,1.2522324,1.3675247,0.8471455,1.4148107,1.9034858,1.8051991,0.7071853,1.1196663,0.94119567,1.423001,1.3631481
13,-0.74806964,-0.9690337,-1.3586116,0.03368317,-0.47859573,-0.4140145,0.20742282,0.12614088,-0.16081719,-0.28087875,0.57464695,-0.11469427,-0.43747416,0.0697668,-0.2492281,-0.8377064,-0.43347812,-0.64685744,-0.2615439,-0.91061175,-0.7125699,-0.619891,-0.34211797,-0.75311875,-0.5991779,-0.69298315,0.10804854,-0.32929835,-0.07570233,-0.11191968,0.30114558,-0.47252285,-0.34527364,-0.7646887,-0.29554912,-0.2897927,-0.43022352,-0.47987026,-0.23449278,-0.30385426,-0.11374156,0.19920197,-0.302102,-0.025368981,-0.081583336,0.23535833,-0.12765573,-0.6133711,0.1803184,-0.5068136,-0.035350334,-0.38007757,-0.1867878,-0.31997868,-0.5854173,-0.08620858,-0.37029788,-0.47560674,-0.04594557,0.1814023,-0.018185543,-0.3916518,0.04351757,0.11373139,-0.09344588,0.278371,0.120636806,0.27433443,-0.056546304,-0.2174421,-0.07147541,-0.2613301,0.26554903,-0.16608062,0.31528604,0.34328154,0.35919788,0.44659826,-0.13472272,-0.11456119,-0.1694118,-0.53206027,-0.22447774,0.27499837,0.23340185,0.21354571,-0.2049622,-0.5506172,-0.03796632,-0.18748456,0.20127922,0.54586565,-0.077010974,-0.4273388,-0.8939236,-0.48096552,-0.55822265,-0.33959073,-0.36566973,-0.1106662,-0.28166765,0.689053,0.045551475,0.037116412,-0.5457064,-0.34427625,-0.59745127,-0.72529763,0.048629347,-0.015588989,0.0063402243,-0.641741,-0.32957017,-0.23776954,-0.52478564,-0.33115217,0.16674232,-0.30611432,-0.35468796,-0.03138946,-0.25200135,-0.042952716,-0.5392302,-0.11678118,-0.13829598,0.06672947,-0.20017934,-0.28645784,-0.11306792,0.31349117,-0.6035646,0.22910008,0.05657707,-0.04620812,-0.38274124,0.16032518,-0.010438657,0.39682505,0.3359029,0.15712468,-0.038205124,-0.030368086,-0.28759584,-0.057125274,0.34259766,-0.20739137,0.14011209,-0.015056601,0.32779747,0.13686842,0.45117038,0.31648493,-0.0005393736,-0.6350805,-0.6681781,0.8584226,0.37856567,-0.22608961,-0.35643363,0.25354078
14,-0.03990673,-0.20907004,-0.19715446,0.5167465,0.16461343,0.5943272,0.3788995,0.73692185,0.7942667,0.1537024,1.0010885,0.895414,0.3551807,0.74032336,-0.035703078,-0.10016065,0.2930738,0.39132142,0.26480952,0.35196993,0.66722614,0.2999294,0.27629933,-0.23561493,-0.016173031,0.36704418,0.102060035,0.18465824,0.7054551,0.7825881,0.40376532,0.118209735,0.81410915,0.23036869,-0.11248236,0.427991,0.42509165,0.062669404,0.23651992,0.45164624,0.42171657,0.31726927,0.44800803,0.20996858,0.84263414,0.79956174,0.27104294,0.20632115,0.6611712,0.05115614,0.45626855,0.17313774,0.72026414,0.06577037,0.62753916,0.6323083,0.8449282,0.6247734,0.7460741,0.94834846,0.8172466,0.32642898,0.25311837,0.475211,0.5672693,0.41913113,0.65553564,0.71344894,0.48430488,0.36530575,0.7397226,0.59240353,0.5990587,0.7303958,0.8934354,0.79305816,1.0267298,1.069324,0.9880835,0.48022434,0.21114716,0.25375614,0.2657871,0.5539677,0.40176678,0.5915048,0.8066937,0.38310647,0.54937255,0.7164484,1.2323384,1.0646074,0.59743667,0.37518674,0.122753285,-0.0045909705,0.12977391,0.25368682,0.13841587,0.64959913,0.45212966,0.76931566,0.5231092,0.5358321,-0.11182503,0.10722525,0.36506024,-0.10861596,0.87039214,0.43154842,0.45120022,0.21397966,0.16001593,0.2244272,0.32816076,0.13343759,0.06325573,0.3094504,0.25545192,0.3320121,0.3711956,0.58895916,0.18675879,0.10779761,0.21181902,0.651541,0.3769943,0.4437532,0.3305886,0.44096047,0.13199408,0.74187016,0.4902904,0.63759506,0.54203063,0.44501516,0.84143955,0.8559079,1.2535509,0.69891554,0.74701333,0.41111445,0.46190166,0.692006,0.84876543,0.38966805,0.99161786,0.31749576,0.90030134,0.49988377,0.7673754,0.86283267,0.48268726,0.4901128,0.34414917,0.6245259,0.60460985,0.23998246,0.26229694,0.6553774
15,0.5283223,-0.18042599,-0.1524814,0.6136372,0.61528444,1.0035738,1.1066658,1.1142293,0.7935265,0.8419087,1.3091676,1.1092081,0.65399975,0.75414324,0.4210675,0.47528812,0.5033759,0.61476064,0.40689534,0.56241626,0.065652475,0.17548831,0.5408049,-0.1436424,0.32934457,0.48309958,0.7256937,0.5948572,0.8799208,0.84904325,0.8010226,0.55240977,0.6327263,0.27831084,0.7077297,0.77252865,0.5196109,0.24979584,0.64990556,0.58782727,0.6270386,1.0350097,1.0042917,0.74649745,1.0449883,0.79664814,0.6993261,0.66900927,0.5554163,0.3883418,0.74062234,0.38882613,0.8890747,0.20105733,0.7587826,0.7906171,0.57746285,0.517868,0.8446363,1.300168,0.7363151,0.44251898,0.68010193,1.1159105,0.49677572,0.81158805,1.2544688,1.0366038,0.5980493,1.03693,1.1017035,0.7862263,0.913635,0.90652406,1.2024847,1.1442935,1.3471168,0.9656381,0.94445914,0.7291718,0.32283205,0.18905565,0.95399815,0.69277215,0.44121605,1.1113062,1.098251,0.3397125,0.69384617,0.80106854,1.0017242,1.2007732,0.81591886,0.43848345,0.1540693,0.31105283,0.1329643,0.39216232,0.21756333,0.6979483,0.662104,0.97297865,0.5932716,0.5248039,-0.023413377,0.26886111,0.30930945,0.10784341,0.93664354,0.5111374,0.7788093,0.4511966,0.63297933,0.42608726,0.6678399,0.41060477,0.3897553,0.34353444,0.5743069,0.595639,0.425432,0.6673731,0.29976833,0.3218762,0.620942,0.443064,0.6181067,0.7036485,0.43541256,0.24590029,0.2561162,0.78953576,0.40736747,1.0579748,0.6583118,0.33972993,0.72886866,0.65807444,0.8088738,0.6518165,0.88582647,0.5307614,0.57193464,0.9290318,0.95280164,0.56438273,0.9414198,0.6084078,0.99108374,0.8967947,1.1979214,0.60140777,0.94733596,0.58045274,0.5706809,0.97260606,0.84672445,0.4795271,0.8277211,0.9371462
